s1_entity_id,tp,fp,fn,tn,n_true,n_pred,precision,recall,f05
S1-108805262,3,0,0,147,3,3,1.0,1.0,1.0
S1-110602510,2,0,0,148,2,2,1.0,1.0,1.0
S1-112293883,2,0,0,148,2,2,1.0,1.0,1.0
S1-115266875,3,0,0,147,3,3,1.0,1.0,1.0
S1-11538124,5,0,0,145,5,5,1.0,1.0,1.0
S1-119899459,2,0,0,148,2,2,1.0,1.0,1.0
S1-122132618,5,0,0,145,5,5,1.0,1.0,1.0
S1-128100068,4,0,0,146,4,4,1.0,1.0,1.0
S1-128570007,5,0,0,145,5,5,1.0,1.0,1.0
S1-135483600,2,0,1,147,3,2,1.0,0.6666666666666666,0.9090909090909091
S1-135717128,3,0,1,146,4,3,1.0,0.75,0.9375
S1-136601270,4,0,0,146,4,4,1.0,1.0,1.0
S1-139398356,4,0,0,146,4,4,1.0,1.0,1.0
S1-140208030,3,0,0,147,3,3,1.0,1.0,1.0
S1-142366557,4,0,0,146,4,4,1.0,1.0,1.0
S1-144637150,4,0,0,146,4,4,1.0,1.0,1.0
S1-147836934,5,0,0,145,5,5,1.0,1.0,1.0
S1-148868255,5,0,0,145,5,5,1.0,1.0,1.0
S1-150927473,5,0,0,145,5,5,1.0,1.0,1.0
S1-153608324,6,0,0,144,6,6,1.0,1.0,1.0
S1-157439174,4,0,0,146,4,4,1.0,1.0,1.0
S1-162068569,3,0,0,147,3,3,1.0,1.0,1.0
S1-166802680,2,0,0,148,2,2,1.0,1.0,1.0
S1-166944434,5,0,1,144,6,5,1.0,0.8333333333333334,0.9615384615384615
S1-172194303,2,0,0,148,2,2,1.0,1.0,1.0
S1-173782751,5,1,1,143,6,6,0.8333333333333334,0.8333333333333334,0.8333333333333334
S1-177603484,2,0,0,148,2,2,1.0,1.0,1.0
S1-185640004,2,0,0,148,2,2,1.0,1.0,1.0
S1-189727662,4,0,0,146,4,4,1.0,1.0,1.0
S1-192757075,3,0,1,146,4,3,1.0,0.75,0.9375
S1-192845899,4,0,0,146,4,4,1.0,1.0,1.0
S1-195837681,5,0,0,145,5,5,1.0,1.0,1.0
S1-196235579,3,0,0,147,3,3,1.0,1.0,1.0
S1-20186874,3,0,0,147,3,3,1.0,1.0,1.0
S1-202010606,5,0,1,144,6,5,1.0,0.8333333333333334,0.9615384615384615
S1-212457079,3,0,0,147,3,3,1.0,1.0,1.0
S1-213021556,3,0,0,147,3,3,1.0,1.0,1.0
S1-214361049,4,0,0,146,4,4,1.0,1.0,1.0
S1-215862677,5,0,1,144,6,5,1.0,0.8333333333333334,0.9615384615384615
S1-222680246,3,0,0,147,3,3,1.0,1.0,1.0
S1-228757696,0,0,1,149,1,0,1.0,0.0,0.0
S1-237298856,3,0,0,147,3,3,1.0,1.0,1.0
S1-238979825,7,0,0,143,7,7,1.0,1.0,1.0
S1-248815633,6,0,0,144,6,6,1.0,1.0,1.0
S1-252448627,3,0,0,147,3,3,1.0,1.0,1.0
S1-255662262,1,0,0,149,1,1,1.0,1.0,1.0
S1-257679273,4,0,0,146,4,4,1.0,1.0,1.0
S1-260683661,3,0,0,147,3,3,1.0,1.0,1.0
S1-260987732,5,1,0,144,5,6,0.8333333333333334,1.0,0.8620689655172415
S1-261463969,6,0,0,144,6,6,1.0,1.0,1.0
S1-277316800,2,0,0,148,2,2,1.0,1.0,1.0
S1-278565213,3,0,0,147,3,3,1.0,1.0,1.0
S1-280480796,3,0,0,147,3,3,1.0,1.0,1.0
S1-28381853,4,0,1,145,5,4,1.0,0.8,0.9523809523809523
S1-285817198,5,0,0,145,5,5,1.0,1.0,1.0
S1-286581941,3,0,0,147,3,3,1.0,1.0,1.0
S1-290416638,2,0,0,148,2,2,1.0,1.0,1.0
S1-293772965,4,0,0,146,4,4,1.0,1.0,1.0
S1-29506367,5,0,0,145,5,5,1.0,1.0,1.0
S1-2966493,1,0,0,149,1,1,1.0,1.0,1.0
S1-301007529,4,1,0,145,4,5,0.8,1.0,0.8333333333333334
S1-308656758,1,0,1,148,2,1,1.0,0.5,0.8333333333333334
S1-318573130,7,0,0,143,7,7,1.0,1.0,1.0
S1-318808331,3,0,0,147,3,3,1.0,1.0,1.0
S1-322965028,6,0,0,144,6,6,1.0,1.0,1.0
S1-323521490,2,0,0,148,2,2,1.0,1.0,1.0
S1-326780089,4,1,0,145,4,5,0.8,1.0,0.8333333333333334
S1-327844745,1,0,0,149,1,1,1.0,1.0,1.0
S1-332838867,3,0,0,147,3,3,1.0,1.0,1.0
S1-334687295,5,0,0,145,5,5,1.0,1.0,1.0
S1-336587531,3,0,0,147,3,3,1.0,1.0,1.0
S1-337974834,3,0,0,147,3,3,1.0,1.0,1.0
S1-340218354,3,1,0,146,3,4,0.75,1.0,0.7894736842105263
S1-347594018,2,0,0,148,2,2,1.0,1.0,1.0
S1-34957343,1,0,1,148,2,1,1.0,0.5,0.8333333333333334
S1-352013154,5,0,0,145,5,5,1.0,1.0,1.0
S1-355449083,4,0,0,146,4,4,1.0,1.0,1.0
S1-360087078,4,0,0,146,4,4,1.0,1.0,1.0
S1-363061859,4,0,0,146,4,4,1.0,1.0,1.0
S1-378138950,4,0,0,146,4,4,1.0,1.0,1.0
S1-38008632,4,1,0,145,4,5,0.8,1.0,0.8333333333333334
S1-380585301,3,0,0,147,3,3,1.0,1.0,1.0
S1-385176991,4,0,0,146,4,4,1.0,1.0,1.0
S1-387092210,4,0,0,146,4,4,1.0,1.0,1.0
S1-387226309,4,0,0,146,4,4,1.0,1.0,1.0
S1-387523031,4,0,0,146,4,4,1.0,1.0,1.0
S1-388165962,3,0,0,147,3,3,1.0,1.0,1.0
S1-389604643,3,0,1,146,4,3,1.0,0.75,0.9375
S1-390362856,6,1,0,143,6,7,0.8571428571428571,1.0,0.8823529411764707
S1-391506878,5,0,0,145,5,5,1.0,1.0,1.0
S1-392072467,5,0,0,145,5,5,1.0,1.0,1.0
S1-392794267,6,0,0,144,6,6,1.0,1.0,1.0
S1-394410994,4,0,0,146,4,4,1.0,1.0,1.0
S1-397343832,3,0,0,147,3,3,1.0,1.0,1.0
S1-404843286,2,0,0,148,2,2,1.0,1.0,1.0
S1-409744515,7,0,0,143,7,7,1.0,1.0,1.0
S1-410416541,2,0,0,148,2,2,1.0,1.0,1.0
S1-411895418,6,0,0,144,6,6,1.0,1.0,1.0
S1-412197077,3,0,0,147,3,3,1.0,1.0,1.0
S1-413062195,1,0,1,148,2,1,1.0,0.5,0.8333333333333334
S1-414313773,3,1,0,146,3,4,0.75,1.0,0.7894736842105263
S1-414573658,2,0,2,146,4,2,1.0,0.5,0.8333333333333334
S1-415962738,2,0,0,148,2,2,1.0,1.0,1.0
S1-417073293,4,0,0,146,4,4,1.0,1.0,1.0
S1-421341856,6,0,0,144,6,6,1.0,1.0,1.0
S1-425054721,1,0,0,149,1,1,1.0,1.0,1.0
S1-42646412,2,1,3,144,5,3,0.6666666666666666,0.4,0.5882352941176471
S1-430469731,6,0,0,144,6,6,1.0,1.0,1.0
S1-430976860,5,0,1,144,6,5,1.0,0.8333333333333334,0.9615384615384615
S1-430984003,1,0,0,149,1,1,1.0,1.0,1.0
S1-432536654,2,0,0,148,2,2,1.0,1.0,1.0
S1-438496820,5,0,0,145,5,5,1.0,1.0,1.0
S1-443233301,1,1,0,148,1,2,0.5,1.0,0.5555555555555556
S1-446444600,1,0,0,149,1,1,1.0,1.0,1.0
S1-44765941,3,0,0,147,3,3,1.0,1.0,1.0
S1-448560310,6,0,0,144,6,6,1.0,1.0,1.0
S1-448598609,2,1,0,147,2,3,0.6666666666666666,1.0,0.7142857142857142
S1-449509853,3,0,0,147,3,3,1.0,1.0,1.0
S1-453055683,4,0,0,146,4,4,1.0,1.0,1.0
S1-459671385,6,4,0,140,6,10,0.6,1.0,0.6521739130434783
S1-4637359,5,0,0,145,5,5,1.0,1.0,1.0
S1-472223435,4,0,0,146,4,4,1.0,1.0,1.0
S1-475261021,4,0,1,145,5,4,1.0,0.8,0.9523809523809523
S1-479620990,1,0,0,149,1,1,1.0,1.0,1.0
S1-479662376,1,0,0,149,1,1,1.0,1.0,1.0
S1-479670108,4,0,0,146,4,4,1.0,1.0,1.0
S1-480776958,2,0,0,148,2,2,1.0,1.0,1.0
S1-486221003,4,0,1,145,5,4,1.0,0.8,0.9523809523809523
S1-486252231,6,0,0,144,6,6,1.0,1.0,1.0
S1-48693986,4,0,0,146,4,4,1.0,1.0,1.0
S1-487945202,4,0,1,145,5,4,1.0,0.8,0.9523809523809523
S1-488604780,3,0,0,147,3,3,1.0,1.0,1.0
S1-489995071,1,0,1,148,2,1,1.0,0.5,0.8333333333333334
S1-490651150,2,1,0,147,2,3,0.6666666666666666,1.0,0.7142857142857142
S1-491308763,3,0,0,147,3,3,1.0,1.0,1.0
S1-504018784,2,0,0,148,2,2,1.0,1.0,1.0
S1-505894068,3,0,0,147,3,3,1.0,1.0,1.0
S1-505906114,4,1,1,144,5,5,0.8,0.8,0.8
S1-510696777,3,0,1,146,4,3,1.0,0.75,0.9375
S1-510821745,3,0,0,147,3,3,1.0,1.0,1.0
S1-511433687,2,0,1,147,3,2,1.0,0.6666666666666666,0.9090909090909091
S1-511949534,3,0,0,147,3,3,1.0,1.0,1.0
S1-517089128,3,0,0,147,3,3,1.0,1.0,1.0
S1-520429757,4,0,1,145,5,4,1.0,0.8,0.9523809523809523
S1-522087277,2,0,0,148,2,2,1.0,1.0,1.0
S1-524922915,2,0,1,147,3,2,1.0,0.6666666666666666,0.9090909090909091
S1-532436955,2,0,0,148,2,2,1.0,1.0,1.0
S1-532577427,5,0,0,145,5,5,1.0,1.0,1.0
S1-53261692,3,0,0,147,3,3,1.0,1.0,1.0
S1-535466069,5,0,0,145,5,5,1.0,1.0,1.0
S1-539896303,5,1,0,144,5,6,0.8333333333333334,1.0,0.8620689655172415
S1-547666683,4,0,0,146,4,4,1.0,1.0,1.0
S1-559175009,3,0,0,147,3,3,1.0,1.0,1.0
S1-561071986,3,0,1,146,4,3,1.0,0.75,0.9375
S1-561588275,5,0,0,145,5,5,1.0,1.0,1.0
S1-564657274,5,0,1,144,6,5,1.0,0.8333333333333334,0.9615384615384615
S1-569012527,1,0,1,148,2,1,1.0,0.5,0.8333333333333334
S1-569385595,6,0,0,144,6,6,1.0,1.0,1.0
S1-571146121,3,0,0,147,3,3,1.0,1.0,1.0
S1-575404162,2,0,0,148,2,2,1.0,1.0,1.0
S1-575633124,5,0,1,144,6,5,1.0,0.8333333333333334,0.9615384615384615
S1-579392333,3,0,0,147,3,3,1.0,1.0,1.0
S1-586295079,4,0,0,146,4,4,1.0,1.0,1.0
S1-586588888,3,0,1,146,4,3,1.0,0.75,0.9375
S1-587223439,4,0,0,146,4,4,1.0,1.0,1.0
S1-588966857,5,0,0,145,5,5,1.0,1.0,1.0
S1-59199491,1,0,0,149,1,1,1.0,1.0,1.0
S1-592371307,3,0,0,147,3,3,1.0,1.0,1.0
S1-594949123,3,0,0,147,3,3,1.0,1.0,1.0
S1-599141169,4,1,0,145,4,5,0.8,1.0,0.8333333333333334
S1-60778482,4,0,0,146,4,4,1.0,1.0,1.0
S1-621163908,3,0,0,147,3,3,1.0,1.0,1.0
S1-623069843,6,0,0,144,6,6,1.0,1.0,1.0
S1-626486622,4,0,1,145,5,4,1.0,0.8,0.9523809523809523
S1-627182582,5,0,0,145,5,5,1.0,1.0,1.0
S1-62823799,5,1,0,144,5,6,0.8333333333333334,1.0,0.8620689655172415
S1-633157207,5,0,0,145,5,5,1.0,1.0,1.0
S1-639200904,6,0,0,144,6,6,1.0,1.0,1.0
S1-64254909,4,0,0,146,4,4,1.0,1.0,1.0
S1-642983193,2,0,1,147,3,2,1.0,0.6666666666666666,0.9090909090909091
S1-64462896,5,0,0,145,5,5,1.0,1.0,1.0
S1-646800305,6,0,0,144,6,6,1.0,1.0,1.0
S1-649508750,5,0,0,145,5,5,1.0,1.0,1.0
S1-650788015,4,0,0,146,4,4,1.0,1.0,1.0
S1-651160631,2,0,0,148,2,2,1.0,1.0,1.0
S1-652916216,4,1,0,145,4,5,0.8,1.0,0.8333333333333334
S1-654916807,3,0,0,147,3,3,1.0,1.0,1.0
S1-655438992,1,0,0,149,1,1,1.0,1.0,1.0
S1-667504566,4,0,1,145,5,4,1.0,0.8,0.9523809523809523
S1-670999986,3,0,0,147,3,3,1.0,1.0,1.0
S1-674139823,5,0,0,145,5,5,1.0,1.0,1.0
S1-680853359,6,0,0,144,6,6,1.0,1.0,1.0
S1-681172568,5,0,0,145,5,5,1.0,1.0,1.0
S1-684051177,2,0,1,147,3,2,1.0,0.6666666666666666,0.9090909090909091
S1-685811200,5,0,0,145,5,5,1.0,1.0,1.0
S1-688023636,8,0,0,142,8,8,1.0,1.0,1.0
S1-689218101,4,1,0,145,4,5,0.8,1.0,0.8333333333333334
S1-69579978,5,0,1,144,6,5,1.0,0.8333333333333334,0.9615384615384615
S1-697174799,4,1,0,145,4,5,0.8,1.0,0.8333333333333334
S1-697729867,3,2,0,145,3,5,0.6,1.0,0.6521739130434783
S1-702193871,6,0,0,144,6,6,1.0,1.0,1.0
S1-705931253,5,0,1,144,6,5,1.0,0.8333333333333334,0.9615384615384615
S1-706728794,2,1,1,146,3,3,0.6666666666666666,0.6666666666666666,0.6666666666666666
S1-70783914,3,0,0,147,3,3,1.0,1.0,1.0
S1-708769199,3,0,0,147,3,3,1.0,1.0,1.0
S1-710261440,3,1,1,145,4,4,0.75,0.75,0.75
S1-718139224,3,0,0,147,3,3,1.0,1.0,1.0
S1-720299659,2,0,1,147,3,2,1.0,0.6666666666666666,0.9090909090909091
S1-721124677,2,0,0,148,2,2,1.0,1.0,1.0
S1-722473191,4,0,0,146,4,4,1.0,1.0,1.0
S1-722830141,4,0,0,146,4,4,1.0,1.0,1.0
S1-733340196,3,0,0,147,3,3,1.0,1.0,1.0
S1-733755049,4,0,0,146,4,4,1.0,1.0,1.0
S1-734668238,3,0,0,147,3,3,1.0,1.0,1.0
S1-737136935,2,0,0,148,2,2,1.0,1.0,1.0
S1-73857417,4,0,0,146,4,4,1.0,1.0,1.0
S1-741275432,7,0,0,143,7,7,1.0,1.0,1.0
S1-744347951,3,0,0,147,3,3,1.0,1.0,1.0
S1-748928050,7,0,0,143,7,7,1.0,1.0,1.0
S1-755819642,9,0,0,141,9,9,1.0,1.0,1.0
S1-756296259,3,0,0,147,3,3,1.0,1.0,1.0
S1-759139465,3,0,0,147,3,3,1.0,1.0,1.0
S1-759240446,4,0,0,146,4,4,1.0,1.0,1.0
S1-760889674,2,0,0,148,2,2,1.0,1.0,1.0
S1-763895821,3,0,0,147,3,3,1.0,1.0,1.0
S1-766512083,4,0,0,146,4,4,1.0,1.0,1.0
S1-770751810,3,0,1,146,4,3,1.0,0.75,0.9375
S1-773920217,2,0,0,148,2,2,1.0,1.0,1.0
S1-774956446,3,0,0,147,3,3,1.0,1.0,1.0
S1-778734034,3,0,0,147,3,3,1.0,1.0,1.0
S1-782088210,3,0,1,146,4,3,1.0,0.75,0.9375
S1-782327826,3,0,0,147,3,3,1.0,1.0,1.0
S1-783148600,2,0,0,148,2,2,1.0,1.0,1.0
S1-787352225,3,0,0,147,3,3,1.0,1.0,1.0
S1-788101307,4,0,0,146,4,4,1.0,1.0,1.0
S1-788756283,3,0,0,147,3,3,1.0,1.0,1.0
S1-789090585,1,0,0,149,1,1,1.0,1.0,1.0
S1-789105733,4,0,0,146,4,4,1.0,1.0,1.0
S1-791101465,8,0,0,141,8,8,1.0,1.0,1.0
S1-792191204,4,0,0,146,4,4,1.0,1.0,1.0
S1-793771574,4,0,0,146,4,4,1.0,1.0,1.0
S1-798475607,5,0,0,145,5,5,1.0,1.0,1.0
S1-800398279,4,0,0,146,4,4,1.0,1.0,1.0
S1-80142669,3,0,0,147,3,3,1.0,1.0,1.0
S1-802141778,3,0,0,147,3,3,1.0,1.0,1.0
S1-809045966,5,0,0,145,5,5,1.0,1.0,1.0
S1-812888071,5,0,0,145,5,5,1.0,1.0,1.0
S1-816042541,4,0,0,146,4,4,1.0,1.0,1.0
S1-818531017,5,0,0,145,5,5,1.0,1.0,1.0
S1-829463936,5,0,0,145,5,5,1.0,1.0,1.0
S1-834386502,2,1,0,147,2,3,0.6666666666666666,1.0,0.7142857142857142
S1-841350381,3,0,0,147,3,3,1.0,1.0,1.0
S1-844607097,6,0,1,143,7,6,1.0,0.8571428571428571,0.9677419354838709
S1-844625835,3,0,0,147,3,3,1.0,1.0,1.0
S1-846297682,4,0,0,146,4,4,1.0,1.0,1.0
S1-847608713,1,0,0,149,1,1,1.0,1.0,1.0
S1-851518114,5,0,1,144,6,5,1.0,0.8333333333333334,0.9615384615384615
S1-855086380,4,0,0,146,4,4,1.0,1.0,1.0
S1-856729990,3,0,0,147,3,3,1.0,1.0,1.0
S1-861557986,5,0,0,145,5,5,1.0,1.0,1.0
S1-862953395,3,0,0,147,3,3,1.0,1.0,1.0
S1-865113109,5,0,0,145,5,5,1.0,1.0,1.0
S1-867222440,1,0,0,149,1,1,1.0,1.0,1.0
S1-868132278,3,0,0,147,3,3,1.0,1.0,1.0
S1-880200991,4,0,0,146,4,4,1.0,1.0,1.0
S1-88266195,3,0,0,147,3,3,1.0,1.0,1.0
S1-886264338,4,0,1,145,5,4,1.0,0.8,0.9523809523809523
S1-889859195,2,0,0,148,2,2,1.0,1.0,1.0
S1-893053768,3,0,0,147,3,3,1.0,1.0,1.0
S1-897470023,2,0,0,148,2,2,1.0,1.0,1.0
S1-898954739,1,0,0,149,1,1,1.0,1.0,1.0
S1-905418531,4,0,0,146,4,4,1.0,1.0,1.0
S1-907640876,5,0,0,145,5,5,1.0,1.0,1.0
S1-908046165,2,0,0,148,2,2,1.0,1.0,1.0
S1-912102175,3,0,0,147,3,3,1.0,1.0,1.0
S1-917066525,6,0,0,144,6,6,1.0,1.0,1.0
S1-917840412,3,1,0,146,3,4,0.75,1.0,0.7894736842105263
S1-919532225,6,0,0,144,6,6,1.0,1.0,1.0
S1-936233228,4,0,0,146,4,4,1.0,1.0,1.0
S1-938326821,2,1,1,146,3,3,0.6666666666666666,0.6666666666666666,0.6666666666666666
S1-939194232,2,0,0,148,2,2,1.0,1.0,1.0
S1-94387318,4,0,0,146,4,4,1.0,1.0,1.0
S1-946413594,5,0,0,145,5,5,1.0,1.0,1.0
S1-948772979,4,0,0,146,4,4,1.0,1.0,1.0
S1-950054888,4,0,1,145,5,4,1.0,0.8,0.9523809523809523
S1-955199649,7,0,0,143,7,7,1.0,1.0,1.0
S1-960768472,2,1,0,147,2,3,0.6666666666666666,1.0,0.7142857142857142
S1-962304237,5,1,0,144,5,6,0.8333333333333334,1.0,0.8620689655172415
S1-964509696,4,0,0,146,4,4,1.0,1.0,1.0
S1-970125928,4,0,0,146,4,4,1.0,1.0,1.0
S1-970468249,3,0,2,145,5,3,1.0,0.6,0.8823529411764706
S1-97844121,6,0,0,144,6,6,1.0,1.0,1.0
S1-979052805,2,0,0,148,2,2,1.0,1.0,1.0
S1-981055784,5,0,1,144,6,5,1.0,0.8333333333333334,0.9615384615384615
S1-981522020,5,0,0,145,5,5,1.0,1.0,1.0
S1-983699877,3,1,0,146,3,4,0.75,1.0,0.7894736842105263
S1-989319044,3,0,0,147,3,3,1.0,1.0,1.0
S1-990506582,3,0,0,147,3,3,1.0,1.0,1.0
S1-990789341,3,0,0,147,3,3,1.0,1.0,1.0
S1-992636734,5,0,1,144,6,5,1.0,0.8333333333333334,0.9615384615384615
