feature,importance,rank,importance_pct
addr_containment_cand_in_s1,4300.67919921875,1,36.541044817133866
addr_token_dice_nostop,1595.5013427734375,2,13.556297359419947
name_token_jaccard_nosuffix,1114.3011474609375,3,9.467743647689527
addr_token_jaccard_nostop,1048.9068603515625,4,8.912116160644628
name_token_dice_nosuffix,455.460693359375,5,3.869856094244628
name_jarowinkler,377.6266784667969,6,3.2085335229159364
addr_missing_either,345.9715881347656,7,2.9395736631051186
addr_token_jaccard,223.06324768066406,8,1.8952736888711113
addr_missing_cand,216.85736083984375,9,1.8425449037941701
addr_len_cand,188.73057556152344,10,1.6035635536847022
transliteration_sim,181.7173309326172,11,1.5439749923372432
addr_city_match,159.79989624023438,12,1.3577518572760527
addr_token_dice,124.82598114013672,13,1.0605933527925149
name_char3gram_jaccard,113.79857635498047,14,0.9668981772620381
name_containment_s1_in_cand,101.26607513427734,15,0.8604148364772413
name_token_dice,99.10240173339844,16,0.842031022421657
addr_token_count_cand,94.67832946777344,17,0.8044415591197187
name_token_jaccard,81.94246673583984,18,0.6962303419340727
addr_postal_match,77.61774444580078,19,0.6594850131844459
addr_housenumber_match,74.70111846923828,20,0.6347036808442547
name_jaro,61.90819549560547,21,0.5260076470162545
is_cross_script,61.299461364746094,22,0.520835491613105
name_token_sort_ratio,59.3902473449707,23,0.5046137108593148
name_len_diff,58.86716842651367,24,0.5001693314213627
addr_len_diff,53.494693756103516,25,0.4545216956372205
name_token_count_cand,47.18467330932617,26,0.400908131532135
addr_char3gram_jaccard,46.22670364379883,27,0.39276867009826466
name_token_set_ratio,45.001216888427734,28,0.3823562295565582
name_char4gram_jaccard,43.264930725097656,29,0.3676037433629497
addr_levenshtein,39.7452392578125,30,0.33769841964759
name_levenshtein,36.84486389160156,31,0.3130551618425258
sim_disagreement,36.72532272338867,32,0.3120394713009124
addr_containment_s1_in_cand,34.74882125854492,33,0.2952459777008536
name_len_cand,34.0787353515625,34,0.289552542309806
name_len_s1,23.084463119506836,35,0.1961388800128609
name_core_exact,22.052690505981445,36,0.1873723462712204
name_token_count_s1,22.006793975830078,37,0.1869823829450749
name_containment_cand_in_s1,20.59298324584961,38,0.17496983356530582
addr_len_s1,16.386554718017578,39,0.13922959667818743
addr_token_count_s1,15.828771591186523,40,0.1344903503192688
name_exact,7.019021511077881,41,0.05963764506204402
name_high_addr_low,4.09865140914917,42,0.03482450047860704
name_low_addr_high,1.8171714544296265,43,0.015439734163104192
addr_exact,1.2318211793899536,44,0.010466261452600267
name_digits_conflict,0.0,45,0.0
phone_normalized_match,0.0,46,0.0
addr_missing_s1,0.0,47,0.0
phone_missing_either,0.0,48,0.0
phone_missing_s1,0.0,49,0.0
phone_missing_cand,0.0,50,0.0
phone_suffix10_match,0.0,51,0.0
phone_suffix7_match,0.0,52,0.0
phone_exact,0.0,53,0.0
addr_missing_both,0.0,54,0.0
